,text,ID,Gattung
0,in dein seele unbeflecktem adel   in ihr unschuld wurzeln dein schwäche   und was die meiste vor gemein tadel bewahren   die sein ihr inner gebrech   es können einer du die leben rauben   und sein du schon halb dein blut entquollen   so werden du er noch in+die sterben glauben   er hätt ' du blos die ader öffnen wollen   wollen die natur die schönheit rein entfalten   so dürfen sie nichts von ihr feind ihr sagen   sie können nur dann die herrlichste gestalten   doch müssen sie sein untergang auch wagen   oft wünschen ' ich du zu dein voll frieden   du mögen in die brust die feind lesen   doch wissen ich wohl   es werden du nicht bescheiden   denn dies mangel tragen dein ganz wesen   ,InDasAlbumEinerEdelnFrau,Lyrik
1,die himmel dunkeln noch immer   ich fühlen tief bis in mein zimmer die fahl wolke voll schoß   die esche drüben drehen schwer die hoch krone um sich her   zwei blatt treiben wirbelnd los   laut ticken durch die schwül stube   wie durch die still totengrube die holzwurm ticken mögen   die uhr   und durch die tür hinter ich klingen dünn und schüchtern eine klavier über die flur   die himmel lasten wie schiefer   ihr spiel klingen immmer trauertiefer   ich sehen sie wohl   dumpf ringen die wind in+die eschenlaub   die luft sein grau von glut und staub und seufzen hohl   und blass tönen durch die wand die tastend verweint hand   sie sitzen und singen   singen sich die lied   in sich bücken   mit die sie ich als braut entzücken   ich fühlen   wie ihr atem ringen   die wolke werden immer dumpf   die wund ton immer stumpf   wie messer stumpf   wie messer spitz   und aus die alt liebeslied klagen zwei kinderstimme mit   da fallen die erst blitz   ,DrueckendeLuft,Lyrik
2,vorüber rauschen wind und welle   doch duft und perle|perlen tragen ihr schos   drum rasch aus eng   dumpf zelle und von du selbe ringen ' du los   auch außen blühen es und singen es wie immer   o wandeln nur durch wald und feld   wollen forschend du du selbst gewinnen   verlieren du in gott und welt   ,Zuruf,Lyrik
3,ach   dass die dunkel nacht   die feucht nacht kommen   die süß   dunkel   feucht nacht von wir die hülle nehmen   allabendlich kommen eine jungfrau   wir sorglich zu begießen   aus ihr kännlein die wasser perle|perlen zitternd über wir fließen   ihr schön   weiß antlitz stehen über wir mit verlangen   ob von die viele   viele knospe noch keine aufgehen   ach   dass die dunkel nacht   die feucht nacht kommen   die süß   dunkel   feucht nacht von wir die hülle nehmen       ,LiedDerKnospen,Lyrik
4,spät an+die abend   früh an+die morgen muss ich wachen   müssen ich sorgen   muss ich an die wiege stehn und nach mein kindlein sehen   keine ruhen ' an keine tag   immer neu last und plage   ach   wie flohst du doch so weit schöne   frei jugendzeit   horch   was regen sich   herzig bübchen   blühnde wange   fein grübchen   aeuglein dunkel wie die nacht   gott   wie ich die selig machen   ,DieJungeMutter,Lyrik
5,o dass die kuss doch ewig dauern mögen   starr stehen   wie binse starr   die schwarm die gast   die kuss doch ewig   die ich auf die recht|rechte   tanztaumelnd du auf hals und brust pressen   nein   lang duld'ich nicht dies blöd sehne|sehnen   ich wollen nicht lang in verzückt harme die liebekranken glied nächtens dehnen   o kommen   du weib   kommen   betteln mein arm|arme   o kommen   noch fühlen du zitternd jede sinn   von+die heiß duft berauschen aus dein kleid   noch wogen um ich   du flammenkönigin   und glühen in+die aschenflor die kupferseide   gießen aus in ich die schale dein glut   ich dürste nach die sünde   nach die grauen vor dies feuerregens wild brut   vor dies wehn   die wühlend in ich brauen   es schießen die saat aus ihr dunkel schoß   die lange schmachtend liegen in spröde hülle   ich wollen ich laut blühn   laut und los aus dies brünstigkeit zu frucht und fülle   o kommen   satt sein ich mein knabenlust   kommen   kommen   du weib   nehmen auf in dein schale die furcht   die sehnsucht dies jung brust   noch trinken ich nie die rausch euer pokal   auf nelkendüften kommen die nacht ziehen   o kämst auch du so süß und so verstohlen   so mondesweiß   o sehen   auf sammetwogen   auf purpurflaum   auf schwarz viole wollen ich du betten   oh   du an ich betten   dass alle mein macht an die weib blendend göttlichkeiten sich entketten   hinschwellend in die teppich dein leib   ,VenusPrimitiva,Lyrik
6,von dies linde können ich schauen hinab in die verklärt land   die sonne überglänzt die aue bis an die fern himmelsrand   durch laubgewirr die strahl|strahlen flimmern   es sein so still in weit welt   von+die dorf die rot dach schimmern aus ährenblondem weizenfeld   schneeweiß wolkenschäfchen gleiten unmerklich durch die himmelsland   dass mein seele nach die weit tiefblau reich die flügel spannen   ich haben ' da wie in+die traum liegen und wissen nun nicht vor lauter lust   wohin ich sollen mit alle ' die segen   mit alle ' die liebe in mein brust     ,VonDieserLindeKannIchSchauen,Lyrik
7,die knabe weinen   die mutter legen die hold liebling auf die kissen   doch er   von+die wein|weinen aufregen   will nichts von rast und schlummer wissen da singen die mutter lied um lied   und immer süß werden die weise   und um die klein bettchen zeihen|ziehen die schlummer sein zauberkreise   und wie die weise sanft verklingen   werden immer leise auch die wein|weinen   bis am geschloss'nen auge blinken die stumm thräne nur die kleine   bald spiegeln auch eine licht traum sich in die klar zug wieder   die mutter aber athmet kaum und beugen sich zu die liebling nieder   mit scheu finger hüllen sie dicht die schläfer in die warm decke|decken   sie möcht ' er küssen   wagen es nicht   aus furcht   er mit die kuss zu wecken   sie blicken er lange selig an   und gehen dann fort   und kehren wieder   und thut   was sie nicht lassen können   und neigen sich küssend zu er nieder   und sinken   von dankgefühl durchwehen   auf ihr knie ' an+die klein bett   und sprechen eine innig gebet   und suchen dann selbst die schlummerstätte   ,DieJungeMutter2,Lyrik
8,so wie die letzt grün in farbentiegeln sein dies blatt   trocken   stumpf und rauh   hinter die blütendolden   die eine blau nicht auf sich tragen   nur von ferne spiegeln   sie spiegeln es verweinen und ungenau   als wollen sie es wiederum verlieren   und wie in alt blau briefpapieren sein gelb in sie   violett und grau   verwaschnes wie an eine kinderschürze   nichtmehrgetragnes   die nichts mehr geschehen   wie fühlen man eine klein leben kürze   doch plötzlich scheinen die blau sich zu verneuen in eine von die dolden   und man sehen eine rührend blaue sich vor grüne freuen   ,BlaueHortensien,Lyrik
9,an sein schwarz   flatternd flechte|flechten hab ' ich die glück auf+die ross ich reißen   die dirne wehren sich mit wütend biß   ich aber müssen und werden sie knechten   rot sein ihr mund   die zahn blitzen   ich wollen er küssen   sie sollen ich lieben   dann reiten wir   dass die funken stieben   eine sieger wollen ich in+die sattel sitzen   ,Raub,Lyrik
10,ich küssen sie auf die stirn kaum   und sein erschrecken fast   wie sie   eine kind   so fiebernd heiß und zitternd ich umfassen   wie liebeschauernd ich an+die hals jhr schluchzend odem schwellen   wie gleich eine retter ihr herz ich schlagen   sprachlose eutzückung voll   da ahnen ' ich an du   du klein herz   die solche flamme kennen   die ganz ungelöschte gluth   die heimlich auf erde|erden brennen   ,Unergruendlich,Lyrik
11,sieben billion jahr vor mein geburt sein ich eine schwertlilie   mein wurzel saugen sich in eine stern   auf sein dunkel wasser schwimmen mein blau riesenblüte   ,SiebenBillionenJahreVorMeinerGeburt,Lyrik
12,"i   hier sein es still an mein dunkel teich   die nur die mondfrau blass schleier streifen   und ich sein fürstin dies abendreiche   in die keine fremd menschendenken greifen   und ich befehlen mein dunkel teich   und ich befehlen sein lau flut|fluten   dass sie ich tragen   ihr königin   sie tragen ich zu mein insel hin   da blühen aus die schilfe blumenkronen   die einsam anf die hoch stiel thronen und blütenstaub aus matt kelch bluten   und zwischen mein blume wollen ich liegen und mein leib an+die starr schilfgras schmiegen   ii   die mondfrau hüllen ich eine in bleich strahl|strahlen   ich stehen in+die schilf   es leuchten mein glied ich aus die dunkelfeuchten spiegel wieder   und hundert stern tauchen um ich nieder und blühn empor aus violett schale   kühn leben mein heute   müde schlafen mein gestern     ich trennen welt jetzt von mein schwester   iii   allein in mein schweigenstarken eden   sehnen|sehen ich ich heiß nach wirr liebesreden   ich sehnen ich nach eine wild sehne|sehnen   ich sehnen ich nach schwach mädchentränen   ich sehnen ich nach rot sonnenküssen und wissen   mein leib werden daran welken müssen   iv   es werden eine schatten in mein dasein treten   die schatten wissen von weit königsrechten   die schatten werden ich leib und seele knechten   die schatten werden sich um mein dasein flechten   und mein sinn werden zu er beten   und mein seele werden er herrschen lassen   doch mein arm seele werden er hassen                                 ""                               ",UndDoch,Lyrik
13,über+die zaun quellen die flieder   so dicht   so wissen   da schluchzen sein lied eine vogel so heiß   da plätschern die brunnen in+die muschelstein   seine uralt weise   die schläfern ein   ich stehen in+die garten erwartungsvoll   die herz die mainacht   pochen süß und toll   eine lau schauer steigen aus die gras   muss warten   warten   weiß nicht auf was   ,Mädchenlied,Lyrik
14,hone   per   nur mit geduld   endlich werden du blume brechen   o   dein vater sein voll huld   kindlich dürfen du zu er sprechen   auf dein gläubig vertrau'n werden er gnädig niederschau'n   wolke kommen   wolke gehen   bau ' auf dein gott gnade   zu die freude sonnenhöh'n führe stürmisch dunkel pfad   doch eine treu auge wachen   zitire nicht in sturm und nacht   ankre du auf felsengrund   schwinge du zu gott herz   mach ' er dein leiden kund   sagen ' er dein tief schmerz   er sein gütig und erquicken jede herz   die kummer drücken   fass ' in+die glaube kühn muth   kraft werden du dein helfer senden   mit die hand   die wunder thut   werden er dein leiden enden   er sein lauter lieb ' und huld   hoffen   herz   nur mit geduld   ,VertrauenAufGott,Lyrik
15,mein vater die keckste bursche sein von alle bursche in+die städtchen   und in die ganz jungfernschaar meine mutter die schön mädchen   sein lied klang   sein stimme gewalt haben die mädchen alle bezwingen   drum haben er auch die mutter bald zu sein weib singen   die kunst die lied   die lassen er auch sein erstgeborene erben   was sollen ' ich nicht nach handwerksbrauch um die schönste fangen und werben   ,MeinVaterDerKecksteBurscheWar,Lyrik
16,ja blicken stolz ihr enkel die helios   die seele heiß von groß gedanke glut   eine blühend thal zu euer fuß breite sich schmiegend die weit erde   die stern kranz   eine leuchtend diadem   umblühe glanzvoll eure stirn   ha   vergesset nie   von oben strömet nieder die licht in die dunkel feuchte   vergesset niemals   priester die ewige   von euer mund nur tönen unsterblichkeit die arm menschheit   viel noch leben nach agamemnon die tapf'ren held   die namenlos nun schlafen die ew'gen schlaf   weil sie nachziehen nimmer in+die kampfgefild die sänger   leicht zu fuß schwebend   singend die herrlich alle tod   von mord und raubgier   schnöde vergoss'nem blut   nichts von achilleus wissen die welt   wenn nicht homer geliehn er haben sein eigene   göttlich feuerseele   und wähnet heuen auch manche gekrönt stirn   des sänger beifall wiegen so leicht wie hauch in jen wagschal '   welche spät 're folgegeschlechter zu hand nehmen   o lassen sie hinleben und   sterben auch die dumpf traumwahn   stillet die edel zorn   die heimlich aufbrausen   euer rache bleibe die ruhig   groß schweigen   was ewig leben und lebend erfreuen sollen die arm menschheit   legen die dichter nur ihr an die herz   dass wie die mutter freudig sie staunen die vielgeliebte   ,Dichterstolz,Lyrik
17,schal werden die trunk   die die glück kredenzen million von lippe   ungenossen und unempfunden   bringen er nur dumpf gefühl die trägheit   in ich aber sollen er aufglühn in unendlich glut und von die rausch in mein brust sollen in tausend herz hinüber springen die funke doppelt leben   doppelt heil   aber vergebens   eine spiegel sein ich   die licht nicht treffen   eine klangvoll saite   die die meister nicht finden   eine echo   harrend auf eine erlösend wort   die nicht kommen   und nun schauen ich in bitterkeit zurück auf die weg   ich schlagen keine herz   die selig machen   ich werd keine boden   auf die ich stehen   einsam leben ich mit mein seele   und selbst die pforte   durch welche die welt die klang einströmen   sein ich verschließen   und doch   du klagend herz   belügst du ich nicht     was immer ich sterben   eins leben in ich   die kraft zu schaffen   die ich gleich machen die gott   lassen sie zersplittern   die morsch welt   ich bauen sie aus nichts herrlich   rein   und alle die   was in+die traum ich ersehnen   geben du ich   mein kunst   unendlich seligkeit   wonne sondern reue   die schweben über die abgrund ohne sorge   ohne grauen   wunderbar geheimnis   die aus geräusch ton bilden   aus nüchtern wort hehr gesang   leuchtend farbe aus grau erde   du überwindest die leib gebrech   du füllen mit gott die entvölkert himmel und überschüttest mit blühend blume die wüste die seele   aus die nacht   aus die trotz mit die schicksal ringen es sich auf   in+die herz innen wallen und wogen ich eine uferlos meer   und siegreich tönen aus leid und not   aus die flüchtig taumel die leben   aus die wild schaum|schäumen die groll   aus schmerzlich nutzlos sehne|sehnen hell und klar nicht die verheißung die glück   die glück selbst   und mein seele jauchzen   freude   schön götterfunken   ,Beethoven,Lyrik
18,wachsbleich die sommernacht   auf erddunkeln moderlachen singen rosigblaue irislichter   wetterleuchten   schwefelgrün in splitter|splittern   eine weiß dünn schlange stechen züngelnd nach die blass mond   ,Jasmin,Lyrik
19,sie stehen in+die dunkel kreuzgang   in+die blüthenweißen kleid   eine mönch in braun kutte ernst finnend ihr zu+die seit '   es blühen auf ihr wange wie hell frühlingsschein   die mönch mit weiß barte sehen wie die winter drein   hell funkeln ihr auge von jugendlust und glück   es glimmen keine strahl die freude mehr in die mönch blick   sie stürmen in heiter zukunft eine lächelnd kind hinaus   er sehnen aus die leben wüste sich todesmüd nach haus   jetzt finkt vor die greis sie nieder und küssen sein rauh gewand   und auf die blond scheitel ruhen segnend sein hand     es sein eine bild zu+die mal|malen   ich aber machen ' es bangen   sie stehen doch nah beisammen aufgang und niedergang   nt   ,ImKloster,Lyrik
20,die nebel steigen   es fallen|fällen die laub   schenk ' einen die wein   die hold   wir wollen wir die grau tag vergolden   ja vergolden   und gehen es draußen noch so toll   unchristlich oder christlich   sein doch die welt   die schön welt so gänzlich unverwüstlich   und wimmern auch einmal die herz     stoß an und laß es klingen   wir wissen es doch   eine recht herz sein garnicht umbringen   die nebel steigen   es fallen|fällen die laub   schenk ein die wein   die hold   wir wollen wir die grau tag vergolden   ja vergolden   wohl sein es herbst   doch warten nur   doch warten nur eine weilchen   die frühling kommen   die frühling lachen   es stehen die welt in veilchen   die blau tag brechen an   und ehe sie verfließen   wir wollen sie   mein wackrer freund   genießen   ja genießen   ,Oktoberlied,Lyrik
21,vor eine grün wald da liegen eine sanft rain   da sehen ich auf die halde eine rosig mägdelein   die fahren mit ihr blank geschliffnen sichel ' rum   und mähet in gedanke die schön blümlein um   kuckuck rufen immer weiter in+die holz die ganz tag   und alle prophezeien er   was ihr gefallen mögen   ,DieSchnitterin,Lyrik
22,die sein die tag die weiß callablüten   die um dein lager üppig ausstreuen   als draußen sonnenlicht und farbe glühen   die tag in+die recht sein und die nacht so weit   ich sehen du an   du bliebst in alle die fülle ich wie eine marmorbild von todtem stein   wie eine gottgedankens künstlerhülle   ich sehen du so   mein auge warʼs allein   du sein die hell licht zurückgeben   die krankheit macht brechen und zerstören   und du werden nun für alle   alle leben und haben todt   nur ich allein gehören   ,DasWarDerTagDerWeissenCallablueten,Lyrik
23,gi bruder und eine schwester   nichts treueres kennen die welt keine goldkettlein halten fest   als eins an+die andere halten   zwei liebste so oft sich scheiden   denn minne die sein voll wanken   geschwister in lust und leiden sich halten ihr lebelang so treu   als wie beisammen die mond und die erde gehen   so nah '   wie die stern flamme alle nacht bei einander stehn   die engel in+die himmel sich es zeigen frohlockend von herzensgrund   wenn bruder und schwester sich neigen und küssen sich auf die mund   ,TreusteLiebe,Lyrik
24,in die alt rittersaal lesen die knappe vor die graf   bei die ampel trüb strahl sein die müde greis entschlafen   nur die jung tochter lauschen   und sie lauschen so tief und innig   wie vor ihr vorüberrauscht alte sage süß und sinnig   um die turm die nachtwind summen   hauchen so geisterkühl durch+die zimmer   jetzt die greis in+die schlaf summen   doch die beide hören es nimmer   längst die knappe schweigen gar still   lächeln ob die alte schlummer   sie vor scham vergehen wollen   beugen die stirn in süß kummer   ,DieChronik,Lyrik
25,lassen ich mit mein düster gluth   ich sein nur die tropfen blut auf rein schnee   du suchen   was fromm und lind   was fromm und lind   die suchen du   denn sehen   es fliegen taube zu   wo taube sein   ,LassMichMitMeinemWeh,Lyrik
26,einsam rauschen die wasserfall durch die still feld   einsam schlagen die nachtigall durch die stumm wald   jubilirend   lustig leicht   einsam durch die luft steigen auf die leiter ihr lied froh die lerche auf und nieder   doch die mensch leier suchen durch die weit erde herz auf in ihr flucht vor die welt beschwerde   sprudelnd quellen die lied quell aus die busen frisch und hell   lied werden die dichter singen   wo die herz widerklingen   ,SaengerUndDichter,Lyrik
27,"@card@ nur noch einmal   hold bild   umschwebe mein seele mild   laß leuchten dein auge schein tief in mein dunkel herz hinein   dein denken ' ich stets   seitdem ich scheiden   du sehnen herbei mein klagend lied   du gelten die ruf die nachtigall   du winken rings die blume all '   die bächlein eilen   nach du zu spähn   die vöglein mögen gern du sehen   die rosenwölkchen schweben zu du und bringen die schön gruß von ich   und sein mein ziel auch noch so fern   sein du doch mein wandern stern   allüberall rufen ich du zu   mein einz'ger wunsch   mein glück sein du                                 ""                               @card@ o o                               ""                               ich sitzen in+die glühn die tot mittagsstunde   und alle leben scheinen so blass und weit   die gott träumen um ich in die runde   die brunnen flüstern                                 ""                                                             ""                               trinken und gesunden   ich sein die wasser die vergessenheit                                 ""                                                             ""                               ich sitzen in nacht und schicken die gedanke in jen tag   da wir froh und jung   ich sehen die silberstrahl in+die mondlicht schwanken                                 ""                                                             ""                               trinken nicht   trinken nicht   ihr arm fieberkranken   ich sein die wasser die erinnerung                                 ""                                                             ""                               ",SehnsuchtAufDerWanderung,Lyrik
28,"nun ich die riese stärkste überwinden   ich aus die dunkel land heimfand an eine weiß märchenhand   halle schwer die glocke   und ich wanken durch die straße schlafbefangen                                 ""                               @card@ philosophie lied                               ""                               menschenleben falkland   heinrich die welle eilen wohl zu+die meer und keine kehren wieder her   doch auf die fluthen immer jung verklärend schweben erinnerung   was je dein herz in lieb hegen   und was die fluth von dannen tragen   verjüngen in+die regenbogenglanz erblühen es aus die welle tanz   und endlich spielen   eine bunt traum   die ganz leben ob die schaum   bis in die meer die sonne tauchen   die abendwind die bild zerhaucht   ",NunIchDerRiesenStaerkstenUeberwand,Lyrik
29,die du mit duftig mild odem ich kühlst die seele heißen brand   grüßen   o heimat   die boden ich allzu lang ' ich abwenden   gleichwie die schiffer an die küste sich retten aus zerschelltem kahn   so aus die leben staub'ger wüste lenken ' ich zurück zu du die bahn   und wie mit zärtlich erbarmen die mutter die verirrt kind   so zeihen|ziehen auch du mit stark arm|arme ich an die busen sanft und lind   die wirr schatten heißen du fliehen   die ich umschwärmen zu stet pein   und lullst mit leise melodieen die schmerz   die immer wachen   ein   und was die leben ich nehmen   und was die schicksal ich entwenden   ich seh ' es alle wiederkommen   wie ich es ehedem kennen   die sein die berg blau gipfel   von+die grün die wald dicht umsäumen   es sein dieselb schattenwipfel   in die ich als kind träumen   und erst hoffen   erst sehne|sehnen   die erst zorn die jung brust   die süß weh die erst thränen   des erst kuss götterlust   es kehren alle   alle wieder   gleichwie die schwalbe kehrt in+die mai   und wiederschäumt durch mein lied die muth die jugend stolz und frei   o sein segnen   theurer boden   die rasch die seele ich verjüngen   schon fühlen ' ich ich von dein odem gleichwie von frühlingshauch beschwingen   weit hinten liegen   was ich sein   die leben lachen in neu glanz   hier werd ' ich oder nie genesen   an+die busen mein vaterland   ,DieHeimat,Lyrik
30,so gehen auch unser traum zu ende   die linden blühen noch in+die tal   nun halt ' ich dein lieb hand für immer wohl zu+die letztenmal   sehen   wie die weiß segel gleiten die sonndurchglänzten ferne zu   laß wir zu+die strand herniederschreiten   mein blondgelockt liebling du   ich haben ' nicht schatz zu vergeben   und sondern frucht stehen mein saat   wozu zwei jugendheiße leben verketten   eh ' die sommer nahen   o küssen du ich die braun wange   du haben so oft mein leid stillen   und sein ich in die welt gehen   dann nehmen die kranz von mein bild   ,ZuEnde,Lyrik
31,wol haben du einst mit hoch wonne mein jung herz getränkt   natur   wenn ich die glanz die frühlingssonne zu+die ferne ziehen durch wald und flur   vertieft in ich mit halb lauschen   an dein wunder|wundern streifen ' ich hin   und weben in alle die blühn und rauschen die eigen brust geheim sinn   doch heilig ernst sein die feier   damit du jetzt mein herz umschwebst   wenn du die falt'gen isisschleier von+die hoch antlitz lüftend heben   wenn du von+die reiz die bunt schale mein auge still zu+die tiefe lenkft   und aus die heutig tag strahl ins dämmerlicht die urzeit senkst   da offenbaren in+die schwung die aue in schwarz grotte säulenschos sich ich die welle leise bauen des feuer jachen zornesstoß   da singen die gurt zerborstner schicht eine heilig lied ich von+die entstehn   und lassen in wandelnd gesichten die schöpfung ich vorübergehn   und wieder schauen ich es   wie mit toben   von+die unterird'schen durst drängen   die flüss'ge kern die erdball droben die meergebornen kruste sprengen   wie er eine strom von zäh glut   bis in die wolke rauchend stürmen   und über thälern dann und flut|fluten zergipfelt zu+die gebirg sich thürmt   o riesenkampf die urgewalt   drin eine welt sich gährend rühren   die durch die kreislauf die gestalt|gestalten ich auf eine letzt geheimniß führen   denn wie ich rastlos rückwärts dringen von form zu form   erlöschen die spur   jch stehen ' an+die abgrund   draus die ding die erst lebenspuls durchfahren   da fallen|fällen in+die zagend gemüthe eine glanz aus tief tiefe ich   „im anfang sein die ew'ge güte   und tausend engel dienen ihr   “ und wie sie licht in flamme wallen   in flut|fluten brausen allerorts   empfind ' ich schauernd über alle die hauch die unerschaffnen wort   ,DieErde,Lyrik
32,die stätte mein jugend sehen ich wieder   doch zeigen sie ich fast eine fremd gesicht   ring wachsen giebel   sinken wipfel nieder   und selbst die flussbett sein die alt nicht   ja   freund   die hauch   die unter+die schlag die glocke die welt durchschauert   spüren ' ich doppeln hier   er bhes nicht blos die braun aus unsem locke|locken   verwandelt werd die zeit und wir mit ihr   wie liegen in+die goldnen märchenduft die ferne   da wir noch eng die heimath bann umgeben   von+die erst berg schon sahnen wir andere stern   und zaubergerte scheinen die wanderstab   sehnsüchtig wachsen die herz   wenn sein weise die posthorn singen in+die nächtgen waldrevier   jetzt pfeifen die dampf und lassen in+die sturm wir reisen   verwandelt werd die zeit und wir mit ihr   von ort zu ort die traut liebeskunde   die gruß   die die freund die freund rufen   wie bangen erharrten wir sie stund um stunde   und zu+die ereigniss werd die spät brief   verhallend selbst   als echo nur   empfangen die weltgeschichte donnerbotschaft wir   jetzt tragen die blitz die wort auf feuerschwingen   verwandelt werd die zeit und wir mit ihr   von+die zauberduft die blau blume trunken   des herz räthseln sinnen die dichter nach   er klagen ' um sonne   die hinabsinken   und rufen die vorwelt mächtge schatten wach   die freiheit mus|muse schleichen nur auf die zeh|zehe bei nacht zu er   als sein es verbrechen schier   heuen lassen sie auf die markt ihr banner wehen   verwandelt werd die zeit und wir mit ihr   gruß ihr   ihr münster mit die hoch schiff   gebraus die orgel   dunkel chorgestühl   wo eine geheimniss   ewig unbegriffen   wir wahrheit werd durch unser wahr gefühl   auf sein flügel jede zweifel schranke hoch überfliegend   kampflos glauben wir   jetzt heischt sein recht an+die glaube die gedanke   verwandelt werd die zeit und wir mit ihr   wohl tragen wir die vaterland in+die herz   doch lieben wir wie knabe   stumm und zart   zu+die freund nur sprechen die freund von sein schmerz und von die kaiser mit die flammenbart   die wort von+die reich   ob niemals ganz verklingen   doch scheu nur   werd es flüstern dort und hier   heuen rauschen es fort in+die volk von tausend zunge   verwandelt werd die zeit und wir mit ihr   ja   vorwärts gehen es   die webstuhl spule|spulen sausen   die welt werd weiter   frei blick und sinn   doch wie die leben strom schwellend brausen   wuchs nach genuss die gier und nach gewinn   da singen bei nacht wohl   eh ' die stern schwinden   von+die eng jugendglück die sehnsucht ich   doch kommen nur   tag   du sollen ich wacker finden   verwandelt werd die zeit und wir mit ihr   ,TemporaMutantur,Lyrik
33,wann werd ' ich du finden   ach endlich du finden   du fiebernd in schauernder seelenumarmung   fühlen   ganz fühlen du heilige   einzige   göttliche       die du sein   weil ich sein   ich wollen   wie ich du wollen     die du mit eine strahl dein auge   darin die himmel glühen   all ' die schmerz die einsame heimath  und glückfernen mitfühlend hinwegküssest   mit eine athemhauch dein seele   darin ewig frühling blühen   all ' die thränen auslöschst   all ' die brennend qual   die mein seele verzehren   meine unsterblich seele     wo sein du   du sonne   nur mein sonne   die du jede wolke die schwermuth von gramtrüber stirn ich lächelnd hinwegscheuchst   triumphirend verheißest jede traum die erfüllung   und himmlisch tröstung gottsüßen frieden in die sehnend busen gießen   ich   die ich arm sein   so arm sein   wie niemand     wann erheben du dein haupt   aus nebel und sturm dein lichtmächtiges haupt   du erkenntniß die wahrheit die sein und die sein werden       wann winken du oase   du mährcheninsel   voll paradiesisch aue   die wüstenpilger   die müde die kampf des irdisch kampf ohne rettungsstern hinsinkt   in die nichts starren   wann reifst du entgegen die labebedürftigen o thaufrucht die liebe     wann werd ' ich erwachen   holdselig erwachen   du in+die schooße erwachen   du unendlich wonne     wann werd ' ich sie schauen in alle ' ihr schönheit liebreiz und anmuth   die aus die kelch jede blume entgegen ich duften   und zu ich sprechen aus die nachtigall schluchzen   die flüstern die maiwinds   jede machtwort die schöpfung                                     mit die schrei die erlösung fliegen ihr entgegen die verschmachtende seele   leib reißen sich an leib     es sättigen sich endlich in+die rausch die verzückung die taumelnd sinn   hinsterben die puls     in die kuss wildlodernder flamme vermählen sich alle süße die leben des leben und tod   ,DieHeiligeEinzigeGoettliche,Lyrik
34,o dass du gott behüten   in+die paradies kaum eine baum wol schön blühen als du   mein apfelbaum   ich müssen die meister loben   die du so schön machen   zu+die sträußchen du weben aus duft und farbenpracht   du wunderbar sträußchen   können ' ich eine bienchen sein   dann wählen ich du zu+die häuschen und kehren bei du ein   wie lustig wollen ' ich schweben um du in+die sonnenschein   wie schön und herrlich leben von dein blütenwein   o dass du gott behüten   in+die paradies kaum eine baum wol schön blühen als du   mein apfelbaum   ,MeinApfelbaum,Lyrik
35,es haben die dirne ich küssen   da werd ich von süß taumel trunken   und als ob es frau venus selber sein   sein ich ihr an die wildwogenden brust sinken     es haben die dirne ich küssen   ihr reifroten lippe auf die mein erblüht   da vergessen ich die hart not und die tod und mein mutter liebfrommes behüten     es haben die dirne ich küssen   da sein es ich   als quöllen flammenbäche wie die hölle sengstrom durch mein leib   als ob bacchantische brunst ich die schädel zerbrechen     es haben die dirne ich küssen   schluchzend liegen ich vor ihr in+die staub   da sein es ich   als sterben die gott in ich   als stürb an sündlose lieb ich die glaube     es haben die dirne ich küssen   da wußt ich   dass ich die seele verlieren   da wußt ich   dass ich die schächer gleich   mein seele die hölle zugeschworen       es haben die dirne ich küssen   wohl trinken ich in ihr arm|arme wonne     in mein herz aber sein finsternis   und verdorren sein ich die glück bronn       verdorren sein ich die lebendig mut   für mein bruder die gasse zu bahnen     zerbrechen haben ich die blitzend wehr   zerbrechen die wurfzerfetzten fahne     seitdem die dirne ich küssen können ich nur ihr gehören zu eigen     in brünsten umklammre ich die weiß leib und küssen sie   und die rest sein schweigen     ,DasVerloreneParadies,Lyrik
36,gestern noch eine dürftig ding   die so grau und albern gehen   nichts an er zu sehen   und müssen heuen behutsam sein   wie wenn in+die mai die blüte schnei'n   dass nicht all verwehen   wie wenn ich blüte an ich haben   als sein ich eine gottesgabe     eine rein wunder sein ich ja   wie nie ich eins mit auge sehen   und müssen ich sehr zusammennehmen und schämen   warum   weil ich so blühend sein   und weil die wind treiben blüte hin   die nicht an+die baum erröten und voll vorsicht sein und unschuld und erblöden   die dumm wind   ,DasMaedchen,Lyrik
37,hier unter die grün baum   von die goldnen morgensonne durchblitzt   wie selig lassen es sich es träumen   wenn man so einsam sitzen   an+die boden spielen die flittern   die laub und die seele zittern von kühl morgenluft   die rose dort an+die strauche   sie neigen sich die hauch   und spenden ihr süß duft   wie fühlen ' ich nun die walten des schaffend geist es   die ich umwehen   die lieblich in gestalt|gestalten vor mein auge stehen   recht in die fülle die erde|erden empfind ' ich still als werden die tief grund die sein   die rose   die dort schwanken   und in ich die gedanke   sie grüßen sich als eins   hier unter die grün baum   von die goldnen morgensonne durchblitzt   wie selig lassen sich es träumen   wenn man so einsam sitzen   dann regen sich es mit süß klange   was ich in+die lebensdrange verlieren schon glauben   und   fern von+die weltgewühle   wehen es wie morgenkühle weich um mein sinnend haupt   ,HierUnterDenGruenenBaeumen,Lyrik
38,"es liegen etwas auf die straße in+die land umher   in welschland und in britannien und an+die meer   an+die rhein und wo die scholle die newa splittern wie glas   es liegen etwas auf die straße   ich wissen nicht was   ich haben auf die straße verlaufen sieben paar schuh   mein stecken bleiben immer derselbe   mein herz dazu   ich wandern sieben jahr durch regen und sonnenlicht   und die straße wissen mein glück und sagen es nicht   es pfeifen eine drossel in thule an+die holderstrauch   und haben ich land elend finden   so finden ich thule auch   die drossel wissen mein sehnsucht süß reim   und alle straße in+die land sagen                                 ""                                                             ""                               kehren heim                                 ""                                                             ""                               ",Strassenlied,Lyrik
39,die nacht sein keine mensch freund   was flüsterst du von treue   die mond verblassen   die morgen grauen     an+die bett sitzen die reue   die reue sein eine hässlich weib und möcht ich wohl verderben   reißen ich die herz nicht aus die leib   ich wollen ja noch nicht sterben   mein blut sein heiß   dein mund so süß     o gott   wie können du küssen   die haben die sommernacht tun   dass wir versinken müssen   ,DasHatDieSommernachtGetan,Lyrik
40,auf schlagen die falke   eh die morgen sein   bis sich sein nachttau kühles flügelpaar in hoch gold die fern sonne tauchen   die erde schlafen   ihr werdedrang gebären grauschweren dunst   die kühl durch eiche|eichen rauchen   an felsen firnen schrecken es rot empor und glühen sich nieder durch zerfetzt flor   die zornig weiße feuer von demanten erstarren in blitz|blitzen an granitnen kante   und tief tauchen klar die welt in bunt ruhen die blau silber eine tag zu   um sich in kühl   tief atemzug sehnsüchtig drängend an die licht zu schmiegen   ,EinAnfang,Lyrik
41,"                              ""                               wir sitzen von+die laubdach tief umschirmt   die himmel sein rings von wolke umthürmt   die mond   er drücken die auge zu   wir wünschen er ' eine gut ruhen   und müssen die dunkel wir so umfließen   so dürfen die herz sich frei ergießen   da haben wir manche wir sagen   in+die sonnenschein hätt ' ich es nicht wagen   es rollen die locke|locken von+die schön haupt   wie eine rosenbusch sitzen sie reich umlaubt   und wie ich küssen die dunkel locke|locken   da wollen ' es ich weiter noch verlocken   die stern die auge halten streng gericht   doch ich schauen nicht mehr ihr augenlicht   ich hören die nachtigall süß flöte   ich sehen nicht mehr ihr still erröthen   ",WirSassenVomLaubbachTiefUmschirmt,Lyrik
42,nein   in die leben wirre und kampf|kämpfen ziemen es   die zorn nicht immer zu dämpfen   dürfen nicht inmitten toll gewühl stehn wie eine eisberg   allezeit kühl   nein   wo die unrecht thronet und schalten   wo die verkehrtheit wohnen und walten   sollen du entbrennen wie eine vulkan   feuer und flamme schleuder|schleudern hinan   beuget die obmacht heilige recht|rechte   will sie die freie meister|meistern wie knecht   auf   laß entlodern flammende wort   rache zu fodern donner ' es fort   sehen du die feigheit kuss|küssen die ruthe   die ihr die nacken geißeln zu blut   auf   die verkehrte stacheln dein zorn   sein die entehrten weckender sporn   weinen die unschuld   trauern die reinheit   tückisch lästern von die gemeinheit   auf   und empören   herz   dein muth   tilge die schlange giftige brut   sehen du die halbwitz höhnisch sich rotten   frevelnd die hohe   heilige spotten   röthe dein antlitz flammende blut   sprühen dein auge zürnend gluth   ja   wo die unrecht thronet und schalten   wo die verkehrtheit wohnen und walten   sollen du entbrennen wie eine vulkan   feuer und flamme schleuder|schleudern hinan   doch zu vernichten wehr die zorn   dass er die liebe dienen zu+die borne   dass er befruchte gleich die vesuv   die aus die lava rebe erschaffen   lacrymä christi zeugen er an+die fuß   himmlisch thränen   thränen die buße locken ' aus die herz   die du schrecken   die dein zorngluth segnend bedecken   ,HeiligerZorn,Lyrik
43,ich wissen eine lied so voll trauer   wer dies lied zu ende singen   die sein es   als ob vor schmerzensschauer die herz er in die brust zerspringen   eine lied voll schwer gramgedanken   es machen die sänger wange bleich   eine lied voll weh sondern schranke   die sein die lied von+die deutsch reich   o so viele macht und muth und treue   und so viele thorheit   schimpf und schmach   o so viele hoffnung stets auf es neu und so viele unheil   die sie brechen   o so viele hinterlist und tücke   und immer wieder neu vertrau'n   o nimmer mit so wenige glücke sein so viele recht und kraft zu schauen   es müssen in stern stehn schreiben   dass deutschland nicht sollen untergehn   die gott die volk müssen wir lieben   sonst sein ' es längst um wir geschehn   mein volk   nicht rückwärts dürfen du schauen   dass gram du nicht die herz verzehren   nein   vorwärts   und auf gott vertrauen   und auf dein recht und auf dein schwert   ,LiedEinesDeutschen,Lyrik
44,ach   schon wieder sinkst du nieder ohne freudenglanz und lied   sturmumrauschter wintertag   bleiern ziehen fort die stunde|stunden   die so flüchtig ich entschwinden   als ich   hold frühlingskunden lauschend   du in+die arm|arme liegen   liebchen   sagen   wann in+die hag   wo dereinst ich du finden   wohl die veilchen blühen mögen   wenn die hell strom welle wieder frei zu thale schwellen und die veilchen wieder blühen   wenn die lenz mit bunt schwinge|schwingen tausend vöglein lied singen   die wecken die lau süd '     o   dann sprühen in+die gemüth neu die alt sehnsuchtsklingen   bis es auf zu+die flamme glühen   wohl bedaur ' ich   dass so traurig bang die winter   kalt und schaurig pfeifen die sturm sein lied dazu   doch es werden die nacht die schrecken ende|enden bald   und   horchen   mit keck lied werden die lenz erwecken strom und meer   wald und fluh '   gehen auch du   herz   zu+die ruhen '   glaube   schnee und winter decken schützend dein frühling zu   ,AchSchonWiederSinkstDuNieder,Lyrik
45,die himmel sein grau umziehen   es glänzen keine sonnenstrahl   aschgraue nebel wiegen|wogen|wägen feucht über berg und thal   kalt pfeifen die wind aus norden   von+die baum wehen die blatt   nun sein es herbst werden   wir müssen heim zu+die stadt   wie klingen so traurig heute die heerde glockengeläut   als ob es zu grab läuten die schön sommerzeit   trüb hüllen wiese und feld sich in die nebelflor   nur fichten  und tannenwälder dunkeln daraus hervor   leben wohl   ihr schlank tanne   ihr wiese frisch und hell   wir müssen nun von dannen   die sommer fliehen so schnell   kalt wehen die wind aus norden   die blume sein verblühen   herbst sein es in+die land werden und berbstlich in+die gemüth   die luft werden sich erneuen   die sonne wieder glühn   die nebel sich zerstreuen   die blume wieder blühn   und klingen waldeslieder von lenzeslust und glück   und kommen die frühling wieder   kommen auch wir zurück   ,Herbstlied,Lyrik
46,aufsteigen die strahl und fallend gießen er voll die marmorschale rund   die   sich verschleiernd   überfließen in eine zweit schale grund   die zweit geben   sie werden zu reich   die dritt wallend ihr flut   und jede nehmen und geben zugleich und strömen und ruhen   ,DerRoemischeBrunnen,Lyrik
47,es laufen die frühlingswind durch kahl allee   seltsam ding sein in sein wehe|wehen   er haben sich gewiegt   wo wein|weinen sein   und haben sich schmiegen in zerrüttet haar   er schütteln nieder akazienblüte und kühlen die glied   die atmend glühen   durch die glatt kahl allee treiben sein weh blass schatten und die duft   die er bringen   von wo er kommen seit gestern nacht   lippe in+die lache|lachen haben er berühren   die weich und wach flur durchspürt   er gleiten durch die flöte als schluchzend schrei   an dämmernder röte fliegen er vorbei   er fliegen mit schweigen durch flüsternd zimmer und löschen in+die neige die ampel schimmer   ,Vorfruehling,Lyrik
48,wenn die leicht kerzenflamme schwelend sich gespenstisch heben   die an+die rund weiß stamm zuckend wie fangen kleben   und eine hauch in+die düster zimmer unbemerkt sie plötzlich treiben   dass ihr flüchtig blass schimmer schattend eine kreis beschreiben   fühlen du du in+die tief kern wie von eine ruf berühren   die du in die groß ferne   in die ewigkeit entführen   fühlen du über dies leben körperfrei in+die wirbelwind lautlos zu die quelle schweben   draus die zeit in+die dunkel rinnen   ,WennDieLEichteKerzenflamme,Lyrik
49,aus die weiß nebelfluthen   als ich heuen ' an+die früh morgen durch die thaubenetzte wiese kummervoll herz hinschlich   und die morgenfrische erde strecken alle ihr glied   blatt   blüthen   halm   gras   alle durstend er entgegen   ach   wenn also dein liebe seligsüßer strahl doch endlich segnend auf ich niederthaute   jen nebel hell durchbrechend   die von alle seite trüben mein leben pfad umfließen   wenn ich endlich   gleich die erde   die in+die glanz die sonne baden   in die glanz dein liebe meine seele baden dürfen   ,LeuchtendBrachDerStrahlDerStille,Lyrik
50,ganz mit frühling und sonnenstrahl   klang und duftend blütenguß mein verlangendes herz einmal füllen ich   selig überfluss   geben ich ewig jugend glanz   geben ich ewig leben kraft   geben in+die flüchtig stundentanz ewig wirkend leidenschaft   aus die meer die wissen laß satt ich trinken in tief zug   geben von liebe und geben von hass mein seele einmal genug   geben   dass tau die erfüllung ich in die schale die herz fließen   bis sie   selber verschwendend   ihr überschäumende glück ergießen   ,GanzMitFruehlingUndSonnenstrahl,Lyrik
51,gestalten   freund   dein herz zu+die felsengrotte   wer einmal sich flüchten in die halle   die schütz ' vor jede feindes⸗ueberfalle   vor fliegenübermuth und geckenspotte   gieb er heraus nicht   keine erdengotte   und jede pfeil   die er gelten   prallen an dein panzer ab   und gift und galle spei ' nach du selber sein gegner rotte   doch sorgen   dass die weg zu+die grotte fahren|führen nicht leichthin durch   wie zu die schenke|schenken thüre   auch berg ' die herzenskammer nicht zuviele     nur wer die pfad durch busch und dorngestrüppe zu du finden   übersteigend jede klippe   die gieb in noth und tod eine treu asyl   ,VonDerFreundschaft,Lyrik
52,die welle eilen wohl zu+die meer und keine kehren wieder her   doch auf die fluthen immer jung verklärend schweben erinnerung   was je dein herz in lieb hegen   und was die fluth von dannen tragen   verjüngen in+die regenbogenglanz erblühen es aus die welle tanz   und endlich spielen   eine bunt traum   die ganz leben ob die schaum   bis in die meer die sonne tauchen   die abendwind die bild zerhaucht   ,Menschenleben,Lyrik
53,mein weib und alle mein hold kreis   mein kind und alle mein lachend glück   ich rühren an die saite leis   wie hell klingen es zurück   nur manchmal   wenn von ferne ich die groß strom rauschen hören   wenn sich die vollern lebenschöre eine ton in mein stille schleichen   schrei laut ich auf und heben klagen   mehr licht   mehr licht nur eine tag   und blutend legen ich   abwenden   mein herz in euer liebeshand   bis es von alle angst entbinden und wieder sein takt finden   die gleichtakt zwischen wunsch und pflicht   herddämmerglück   herddämmerlicht   ,AusDemTakt,Lyrik
54,„leb ' wohl   mein vater sonnenschein   du meinen mutter blütenduft   ihr schwester all ' und brüderlein in+die süß hauch die himmelsluft   ich schweben gern mit ihr umher in wald und wiese   au ' und feld   nie sein mein herz von sorge|sorgen schwer   und gern verlassen ' ich dies welt   “ so singen die müde schmetterling   so singen er sich sein sterbelied   kaum als er an zu leben singen   sein hin sein leben und er scheiden   ,LebWohlMeinVaterSonnenschein,Lyrik
55,so kommen und jauchzen   die sein die leben sinn   denn angst und gram und wein|weinen taugen zu nichts   geben wie eine wunschlos kind die seele hin   so spielen ihr ihr hinein in+die meer die licht   und sterben ich freudig   alle ding haben sinn   und die geheim wollen die groß sein   gehen wie zu+die hochzeit   gehen wie gast hin und nicht wie knecht in die festhaus ein   und euer wiege|wiegen kränzt mit rosenglut   säen freude in die klein seele ein   die künftig geschlecht sollen stark und gut   soll herrenvolk mit frei stirn sein   ihr mädchen   schmücken ihr   jede leib eine fest   decken er mit seide   seide sein es genug   und blume in die los haar pressen   gürtel von gold   denn gold sein auch genug   und euer leib sein euer hoch gut   je mehr ihr sein   je hoch wachsen die mann   so werden   was ihr sollen   die morgenglut   die füllenmächtige tag schaffen können   und jede schreiten sein die schönheit tanz   und jede auge sein wie quelle klar   o erde   selig du   du sein voll glanz   die gestern noch um gott thron sein   ,FreudeFreude,Lyrik
56,es pfeifen die wind sein frostig lied   und eiserstarrte tropfen werfen klirrend an die scheibe er   die kranke wach zu klopfen   die alt frau an mein bett nicken müd   in schlaf versinken   die kohle in+die kamin sprühn bei jede windstoß funken   aufhorchend knurren die klein hund   um ächzend fortzuträumen   die lampenlicht spielen flackernd roth mit die tapete baum   die nackt göttin weiß bild lachen höhnisch auf ich nieder   es pfeifen die wind   gedanke ziehn     ich finden ' die schlaf nicht wieder   ,AufDemKrankenbett,Lyrik
57,um bei du zu sein   trügen ich not und fährde   lassen ich freund und haus und die fülle die erde   ich verlangen nach du   wie die flut nach die strand   wie die schwalbe in+die herbst nach die südlich land   wie die alpsohn heim   wenn er denken   nachts alleine   an die berg voll schnee in+die mondenscheine   ,Sehnsucht,Lyrik
58,siech und matt sein ich gestern   voll missmut   stumpf sein mein blick   trauerumflort mein auge   mein ohr hören nichts mehr   welk hängen mein hand und schlaff   mühsal die gehen   mein fuß wie blei   und heute   mein sinn blühen in hell feuer   psalm jauchzen mein gemüt   hymne sprühen mein blut   voll kraft schwellen ich die glied jegliche arbeit entgegen und lust ruhen in alle und fröhlich gedeihen   keine höhe geben es und keine hindernis   keine weite und keine weg   keine wagestück und keine thorheit   die nicht in+die sprunge zu nehmen mein hüpfend fuß sich getrauen|trauen   ich lachen die welt aus und ich selbst       was liegen zwischen gestern und heuen   dies wandel zu wirken   eine nacht   purpurrosen auf blauschwarz grund   mit stern bestecken und blitz|blitzen umsäumen   eine lenznacht schaffen die wunder in wonnig arm|arme die liebe   ich grüßen ' du   mein göttlich weib   ,LenznachtWunder,Lyrik
59,mit leise herz treten ich in dein zimmer   die rose blühten auf   die fenster klingen   und draußen von die garten kommen noch immer die weich sehnsuchtsvoll jünglingssang   du hingst an ich   und dein auge glänzen   dein haar verwirren sich in mein hand     und abendlichter   die du rot umkränzen   und eine sehnsucht   die du ich verbinden   und nichts als goldne fülle um wir beide   die bebend hand und die taumelnd mund     die jung gärtner draußen singen sein lied von+die leiden   die zittern von du und sein so wund   du aber lächeltest   ,DerJungeGaertner,Lyrik
60,die welt sein nimmer bleiben die herrlich welt die homer   die gott sein längst vertreiben   stürzen sein die tempel in+die meer   verschollen die heilig lied   verwirbelt die opferrauch   in hohn und gespött darnieder brechen die priester brauch   nicht betend volk mehr wallen zu schimmernd säulenreihn   die hoch olympier alle geschmückt geschenk zu weihn   die himmlische müssen erliegen in toll jahrhundert kampf   es schwelgen in trophäe und sieg|siegen   es herrschen   die allmächtig dampf   es sausen die hämmer und dröhnen auf silber   auf gold und auf blei   maschine rasseln und stöhnen eine gellend einerlei   kaum können die donner dringen durch alle die fabrik gebraus   und lied und glockenklingen verschwimmen in+die rädergesaus   ,WechselDerWelt,Lyrik
